<application>
  <component name="FileTypeManager" version="18">
    <ignoreFiles list="*.idea;*.iml;*.pyc;*.pyo;*.rbc;*.yarb;*~;.DS_Store;.git;.hg;.svn;CVS;__pycache__;_svn;vssver.scc;vssver2.scc;" />
    <extensionMap>
      <mapping pattern="application" type="AUTO_DETECTED" />
      <mapping ext="space.kts" type="Kotlin" />
      <mapping ext="gradle.kts" type="Kotlin" />
      <mapping ext="main.kts" type="Kotlin" />
      <mapping ext="mp3" type="PLAIN_TEXT" />
    </extensionMap>
  </component>
</application>